{"initial_reset_timestamp": 1533621118.44271, "timestamps": [1533621119.525331], "episode_lengths": [70], "episode_rewards": [1.9999999999999996], "episode_types": ["t", "t"]}